Image,Toppled
front_pano_000000_002182.jpg,Yes
front_pano_000000_002283.jpg,No
front_pano_000020_001893.jpg,Yes
front_pano_000020_001949.jpg,Yes
front_pano_000020_001950.jpg,Yes
front_pano_000020_001951.jpg,Yes
front_pano_000020_001952.jpg,Yes
front_pano_000020_001953.jpg,No
front_pano_000020_001954.jpg,No
front_pano_000020_001955.jpg,No
front_pano_000020_001956.jpg,No
front_pano_000020_001957.jpg,No
front_pano_000020_001958.jpg,No
front_pano_000020_002239.jpg,No
front_pano_000020_002332.jpg,No
front_pano_000020_002333.jpg,No
front_pano_000020_002334.jpg,Yes
front_pano_000020_002532.jpg,Yes
front_pano_000020_002533.jpg,Yes
front_pano_000020_002534.jpg,Yes
front_pano_000020_002535.jpg,Yes
front_pano_000020_002536.jpg,Yes
front_pano_000020_002537.jpg,Yes
front_pano_000020_002538.jpg,No
front_pano_000020_002539.jpg,Yes
front_pano_000020_002540.jpg,Yes
front_pano_000020_002541.jpg,Yes
front_pano_000020_002542.jpg,No
front_pano_000020_002543.jpg,No
front_pano_000020_002544.jpg,Yes
front_pano_000020_002545.jpg,Yes
front_pano_000020_002546.jpg,Yes
front_pano_000020_002547.jpg,No
front_pano_000020_002548.jpg,No
front_pano_000020_002549.jpg,No
front_pano_000020_002550.jpg,Yes
front_pano_000020_002551.jpg,No
front_pano_000020_002552.jpg,Yes
front_pano_000020_002553.jpg,No
front_pano_000020_002554.jpg,No
front_pano_000020_002555.jpg,Yes
front_pano_000020_002556.jpg,No
front_pano_000020_002557.jpg,No
front_pano_000020_002558.jpg,Yes
front_pano_000020_002559.jpg,Yes
front_pano_000020_002560.jpg,Yes
front_pano_000020_002561.jpg,Yes
front_pano_000020_002562.jpg,No
front_pano_000020_002563.jpg,Yes
front_pano_000020_002564.jpg,No
front_pano_000020_002565.jpg,Yes
front_pano_000020_002566.jpg,No
front_pano_000020_002567.jpg,Yes
front_pano_000020_002568.jpg,No
front_pano_000020_002569.jpg,No
front_pano_000020_002570.jpg,No
front_pano_000020_002571.jpg,No
front_pano_000020_002572.jpg,No
front_pano_000020_002573.jpg,Yes
front_pano_000020_002574.jpg,Yes
front_pano_000020_002575.jpg,Yes
front_pano_000020_002576.jpg,No
front_pano_000020_002577.jpg,Yes
front_pano_000020_002578.jpg,No
front_pano_000020_002579.jpg,Yes
front_pano_000020_002580.jpg,Yes
front_pano_000020_002581.jpg,Yes
front_pano_000020_002582.jpg,No
front_pano_000020_002583.jpg,Yes
front_pano_000020_002584.jpg,Yes
front_pano_000020_002585.jpg,No
front_pano_000020_002586.jpg,Yes
front_pano_000020_002587.jpg,No
front_pano_000020_002588.jpg,Yes
front_pano_000020_002589.jpg,No
front_pano_000020_002590.jpg,No
front_pano_000020_002591.jpg,Yes
front_pano_000020_002592.jpg,No
front_pano_000020_002593.jpg,No
front_pano_000020_002594.jpg,No
front_pano_000020_002595.jpg,Yes
front_pano_000020_002596.jpg,No
front_pano_000020_002597.jpg,Yes
front_pano_000020_002598.jpg,No
front_pano_000020_002599.jpg,No
front_pano_000020_002600.jpg,Yes
front_pano_000020_002601.jpg,Yes
front_pano_000020_002602.jpg,No
front_pano_000020_002603.jpg,Yes
front_pano_000020_002604.jpg,No
front_pano_000020_002605.jpg,Yes
front_pano_000020_002606.jpg,No
front_pano_000020_002607.jpg,Yes
front_pano_000020_002608.jpg,Yes
front_pano_000020_002609.jpg,No
front_pano_000020_002610.jpg,No
front_pano_000020_002611.jpg,Yes
front_pano_000020_002612.jpg,No
front_pano_000020_002613.jpg,Yes
front_pano_000020_002614.jpg,No
front_pano_000020_002615.jpg,No
front_pano_000020_002616.jpg,Yes
front_pano_000020_002617.jpg,Yes
front_pano_000020_002618.jpg,Yes
front_pano_000020_002619.jpg,No
front_pano_000020_002620.jpg,No
front_pano_000020_002621.jpg,Yes
front_pano_000020_002622.jpg,No
front_pano_000020_002623.jpg,Yes
front_pano_000020_002624.jpg,No
front_pano_000020_002625.jpg,No
front_pano_000020_002626.jpg,Yes
front_pano_000020_002627.jpg,No
front_pano_000020_002628.jpg,Yes
front_pano_000020_002629.jpg,No
front_pano_000020_002630.jpg,Yes
front_pano_000020_002631.jpg,Yes
front_pano_000020_002632.jpg,Yes
front_pano_000020_002633.jpg,Yes
front_pano_000020_002634.jpg,No
front_pano_000020_002635.jpg,No
front_pano_000020_002636.jpg,Yes
front_pano_000020_002637.jpg,No
front_pano_000020_002638.jpg,No
front_pano_000020_002639.jpg,No
front_pano_000020_002640.jpg,Yes
front_pano_000020_002641.jpg,No
front_pano_000020_002642.jpg,No
front_pano_000020_002643.jpg,Yes
front_pano_000020_002644.jpg,Yes
front_pano_000020_002645.jpg,Yes
front_pano_000020_002646.jpg,Yes
front_pano_000020_002647.jpg,No
front_pano_000020_002648.jpg,Yes
front_pano_000020_002649.jpg,Yes
front_pano_000020_002650.jpg,Yes
front_pano_000020_002651.jpg,Yes
front_pano_000020_002652.jpg,No
front_pano_000020_002653.jpg,Yes
front_pano_000020_002654.jpg,No
front_pano_000020_002655.jpg,No
front_pano_000020_002656.jpg,Yes
front_pano_000020_002657.jpg,No
front_pano_000020_002658.jpg,No
front_pano_000020_002659.jpg,Yes
front_pano_000020_002660.jpg,No
front_pano_000020_002661.jpg,Yes
front_pano_000020_002662.jpg,Yes
front_pano_000020_002663.jpg,Yes
front_pano_000020_002664.jpg,No
front_pano_000020_002665.jpg,Yes
front_pano_000020_002666.jpg,Yes
front_pano_000020_002667.jpg,No
front_pano_000020_002668.jpg,No
front_pano_000020_002669.jpg,Yes
front_pano_000020_002670.jpg,Yes
front_pano_000020_002671.jpg,Yes
front_pano_000020_002672.jpg,Yes
front_pano_000020_002673.jpg,No
front_pano_000020_002674.jpg,No
front_pano_000020_002675.jpg,Yes
front_pano_000020_002676.jpg,No
front_pano_000020_002677.jpg,No
front_pano_000020_002678.jpg,No
front_pano_000020_002679.jpg,No
front_pano_000020_002680.jpg,Yes
front_pano_000020_002681.jpg,Yes
front_pano_000020_002682.jpg,Yes
front_pano_000020_002683.jpg,No
front_pano_000020_002684.jpg,No
front_pano_000020_002685.jpg,Yes
front_pano_000020_002686.jpg,Yes
front_pano_000020_002687.jpg,Yes
front_pano_000020_002688.jpg,Yes
front_pano_000020_002689.jpg,Yes
front_pano_000020_002690.jpg,Yes
front_pano_000020_002691.jpg,No
front_pano_000020_002692.jpg,No
front_pano_000020_002693.jpg,No
front_pano_000020_002694.jpg,No
front_pano_000020_002695.jpg,Yes
front_pano_000020_002696.jpg,No
front_pano_000020_002697.jpg,No
front_pano_000020_002698.jpg,Yes
front_pano_000020_002699.jpg,No
front_pano_000020_002700.jpg,Yes
front_pano_000020_002701.jpg,No
front_pano_000020_002702.jpg,Yes
front_pano_000020_002703.jpg,Yes
front_pano_000020_002704.jpg,No
front_pano_000020_002705.jpg,Yes
front_pano_000020_002706.jpg,Yes
front_pano_000020_002707.jpg,No
front_pano_000020_002708.jpg,No
front_pano_000020_002709.jpg,No
front_pano_000020_002710.jpg,Yes
front_pano_000020_002711.jpg,No
front_pano_000020_002712.jpg,Yes
front_pano_000020_002713.jpg,No
front_pano_000020_002714.jpg,No
front_pano_000020_002715.jpg,Yes
front_pano_000020_002716.jpg,Yes
front_pano_000020_002717.jpg,No
front_pano_000020_002718.jpg,No
front_pano_000020_002719.jpg,Yes
front_pano_000020_002720.jpg,No
front_pano_000020_002721.jpg,Yes
front_pano_000020_002722.jpg,Yes
front_pano_000020_002723.jpg,No
front_pano_000020_002724.jpg,No
front_pano_000020_002725.jpg,Yes
front_pano_000020_002726.jpg,Yes
front_pano_000020_002727.jpg,Yes
front_pano_000020_002728.jpg,No
front_pano_000020_002729.jpg,Yes
front_pano_000020_002730.jpg,No
front_pano_000020_002731.jpg,No
front_pano_000020_002732.jpg,Yes
front_pano_000020_002733.jpg,No
front_pano_000020_002734.jpg,No
front_pano_000020_002735.jpg,No
front_pano_000020_002736.jpg,Yes
front_pano_000020_002737.jpg,Yes
front_pano_000020_002738.jpg,No
front_pano_000020_002739.jpg,No
front_pano_000020_002740.jpg,Yes
front_pano_000020_002741.jpg,No
front_pano_000020_002742.jpg,Yes
front_pano_000020_002743.jpg,Yes
front_pano_000020_002744.jpg,No
front_pano_000020_002745.jpg,No
front_pano_000020_002746.jpg,Yes
front_pano_000020_002747.jpg,Yes
front_pano_000020_002748.jpg,Yes
front_pano_000020_002749.jpg,No
front_pano_000020_002750.jpg,No
front_pano_000020_002751.jpg,No
front_pano_000020_002752.jpg,Yes
front_pano_000020_002753.jpg,No
front_pano_000020_002754.jpg,No
front_pano_000020_002755.jpg,Yes
front_pano_000020_002756.jpg,Yes
front_pano_000020_002757.jpg,No
front_pano_000020_002758.jpg,No
front_pano_000020_002759.jpg,Yes
front_pano_000020_002760.jpg,No
front_pano_000020_002761.jpg,No
front_pano_000020_002762.jpg,Yes
front_pano_000020_002763.jpg,No
front_pano_000020_002764.jpg,No
front_pano_000020_002765.jpg,Yes
front_pano_000020_002766.jpg,Yes
front_pano_000020_002767.jpg,No
front_pano_000020_002768.jpg,No
front_pano_000020_002769.jpg,Yes
front_pano_000020_002770.jpg,Yes
front_pano_000020_002771.jpg,No
front_pano_000020_002772.jpg,No
front_pano_000020_002773.jpg,Yes
front_pano_000020_002774.jpg,Yes
front_pano_000020_002775.jpg,No
front_pano_000020_002776.jpg,No
front_pano_000020_002777.jpg,Yes
front_pano_000020_002778.jpg,Yes
front_pano_000020_002779.jpg,No
front_pano_000020_002780.jpg,No
front_pano_000020_002781.jpg,Yes
front_pano_000020_002782.jpg,No
front_pano_000020_002783.jpg,Yes
front_pano_000020_002784.jpg,No
front_pano_000020_002785.jpg,No
front_pano_000020_002786.jpg,Yes
front_pano_000020_002787.jpg,Yes
front_pano_000020_002788.jpg,No
front_pano_000020_002789.jpg,No
front_pano_000020_002790.jpg,Yes
front_pano_000020_002791.jpg,No
front_pano_000020_002792.jpg,No
front_pano_000020_002793.jpg,Yes
front_pano_000020_002794.jpg,Yes
front_pano_000020_002795.jpg,Yes
front_pano_000020_002796.jpg,Yes
front_pano_000020_002797.jpg,No
front_pano_000020_002798.jpg,Yes
front_pano_000020_002799.jpg,Yes
front_pano_000020_002800.jpg,Yes
front_pano_000020_002801.jpg,No
front_pano_000020_002802.jpg,No
front_pano_000020_002803.jpg,No
front_pano_000020_002804.jpg,No
front_pano_000020_002805.jpg,No
front_pano_000020_002806.jpg,Yes
front_pano_000020_002807.jpg,Yes
front_pano_000020_002809.jpg,Yes
front_pano_000020_002810.jpg,Yes
front_pano_000020_002811.jpg,No
front_pano_000020_002812.jpg,Yes
front_pano_000020_002813.jpg,No
front_pano_000020_002814.jpg,Yes
front_pano_000020_002815.jpg,No
front_pano_000020_002816.jpg,No
front_pano_000020_002817.jpg,Yes
front_pano_000020_002818.jpg,Yes
front_pano_000020_002819.jpg,No
front_pano_000020_002827.jpg,No
front_pano_000020_002828.jpg,No
front_pano_000020_002829.jpg,Yes
front_pano_000020_002830.jpg,No
front_pano_000020_002831.jpg,No
front_pano_000020_002839.jpg,No
front_pano_000020_002840.jpg,No
front_pano_000020_002843.jpg,No
front_pano_000020_002844.jpg,No
front_pano_000020_002853.jpg,No
front_pano_000020_002854.jpg,Yes
front_pano_000020_002855.jpg,Yes
front_pano_000020_002856.jpg,Yes
front_pano_000020_002857.jpg,No
front_pano_000020_002858.jpg,Yes
front_pano_000020_002859.jpg,No
front_pano_000020_002860.jpg,Yes
front_pano_000020_002861.jpg,Yes
front_pano_000020_002862.jpg,Yes
front_pano_000020_002863.jpg,Yes
front_pano_000020_002864.jpg,Yes
front_pano_000020_002865.jpg,No
front_pano_000020_002866.jpg,Yes
front_pano_000020_002867.jpg,Yes
front_pano_000020_002868.jpg,Yes
front_pano_000020_002869.jpg,Yes
front_pano_000020_002870.jpg,No
front_pano_000020_002871.jpg,No
front_pano_000020_002872.jpg,No
front_pano_000020_002873.jpg,Yes
front_pano_000020_002884.jpg,No
front_pano_000020_002910.jpg,No
front_pano_000020_002911.jpg,Yes
front_pano_000020_002912.jpg,No
front_pano_000020_002920.jpg,No
front_pano_000020_002922.jpg,No
front_pano_000020_002923.jpg,No
front_pano_000020_002924.jpg,Yes
front_pano_000020_002925.jpg,Yes
front_pano_000020_002927.jpg,No
front_pano_000020_002930.jpg,No
front_pano_000020_002931.jpg,Yes
front_pano_000020_002932.jpg,No
front_pano_000020_002933.jpg,Yes
front_pano_000020_002934.jpg,Yes
front_pano_000020_002935.jpg,Yes
front_pano_000020_002936.jpg,Yes
front_pano_000020_002937.jpg,Yes
front_pano_000020_002938.jpg,Yes
front_pano_000020_002939.jpg,Yes
front_pano_000020_002940.jpg,No
front_pano_000020_002941.jpg,No
front_pano_000020_002942.jpg,Yes
front_pano_000020_002943.jpg,Yes
front_pano_000020_002944.jpg,Yes
front_pano_000020_002945.jpg,Yes
front_pano_000020_002946.jpg,Yes
front_pano_000020_002947.jpg,No
front_pano_000020_002948.jpg,No
front_pano_000020_002949.jpg,Yes
front_pano_000020_002950.jpg,No
front_pano_000020_002951.jpg,No
front_pano_000020_002952.jpg,No
front_pano_000020_002953.jpg,No
front_pano_000020_002954.jpg,Yes
front_pano_000020_002955.jpg,No
front_pano_000020_002958.jpg,Yes
front_pano_000020_002959.jpg,No
front_pano_000020_002960.jpg,Yes
front_pano_000020_002961.jpg,No
front_pano_000020_002962.jpg,Yes
front_pano_000020_002963.jpg,Yes
front_pano_000020_002964.jpg,No
front_pano_000020_002966.jpg,Yes
front_pano_000020_002967.jpg,No
front_pano_000020_002968.jpg,Yes
front_pano_000020_002969.jpg,Yes
front_pano_000020_002970.jpg,Yes
front_pano_000020_002971.jpg,Yes
front_pano_000020_002972.jpg,No
front_pano_000020_002973.jpg,Yes
front_pano_000020_002974.jpg,No
front_pano_000020_002975.jpg,Yes
front_pano_000020_002976.jpg,No
front_pano_000020_002977.jpg,Yes
front_pano_000020_002978.jpg,No
front_pano_000020_002979.jpg,Yes
front_pano_000020_002980.jpg,Yes
front_pano_000020_002981.jpg,Yes
front_pano_000020_002982.jpg,No
front_pano_000020_002983.jpg,Yes
front_pano_000020_002984.jpg,Yes
front_pano_000020_002985.jpg,No
front_pano_000020_002986.jpg,Yes
front_pano_000020_002987.jpg,Yes
front_pano_000020_002988.jpg,No
front_pano_000020_002989.jpg,No
front_pano_000020_002990.jpg,Yes
front_pano_000020_002991.jpg,No
front_pano_000020_002992.jpg,No
front_pano_000020_003000.jpg,No
front_pano_000020_003001.jpg,Yes
front_pano_000020_003007.jpg,Yes
front_pano_000020_003008.jpg,Yes
front_pano_000020_003009.jpg,Yes
front_pano_000020_003011.jpg,No
front_pano_000020_003029.jpg,No
front_pano_000020_003030.jpg,Yes
front_pano_000020_003031.jpg,Yes
front_pano_000020_003032.jpg,No
front_pano_000020_003033.jpg,No
front_pano_000020_003034.jpg,Yes
front_pano_000020_003035.jpg,No
front_pano_000020_003036.jpg,No
front_pano_000020_003037.jpg,Yes
front_pano_000020_003045.jpg,No
front_pano_000020_003046.jpg,Yes
front_pano_000020_003047.jpg,No
front_pano_000020_003048.jpg,Yes
front_pano_000020_003049.jpg,No
front_pano_000020_003050.jpg,Yes
front_pano_000020_003051.jpg,No
front_pano_000020_003059.jpg,No
front_pano_000020_003060.jpg,No
front_pano_000020_003073.jpg,No
front_pano_000020_003074.jpg,No
front_pano_000020_003075.jpg,No
front_pano_000020_003076.jpg,No
front_pano_000020_003077.jpg,No
front_pano_000020_003078.jpg,Yes
front_pano_000020_003079.jpg,No
front_pano_000020_003083.jpg,No
front_pano_000020_003084.jpg,No
front_pano_000020_003085.jpg,No
front_pano_000020_003086.jpg,No
front_pano_000020_003087.jpg,No
front_pano_000020_003088.jpg,Yes
front_pano_000020_003089.jpg,No
front_pano_000020_003090.jpg,Yes
front_pano_000020_003091.jpg,Yes
front_pano_000020_003092.jpg,No
front_pano_000020_003093.jpg,No
front_pano_000020_003094.jpg,No
front_pano_000020_003097.jpg,Yes
front_pano_000020_003098.jpg,No
front_pano_000020_003099.jpg,Yes
front_pano_000020_003100.jpg,No
front_pano_000020_003101.jpg,Yes
front_pano_000020_003102.jpg,No
front_pano_000020_003103.jpg,Yes
front_pano_000020_003104.jpg,Yes
front_pano_000020_003105.jpg,No
front_pano_000020_003106.jpg,No
front_pano_000020_003107.jpg,No
front_pano_000020_003108.jpg,Yes
front_pano_000020_003118.jpg,No
front_pano_000020_003136.jpg,No
front_pano_000020_003137.jpg,No
front_pano_000020_003138.jpg,No
front_pano_000020_003139.jpg,No
front_pano_000020_003140.jpg,No
front_pano_000020_003141.jpg,No
front_pano_000020_003154.jpg,No
front_pano_000020_003155.jpg,No
front_pano_000020_003156.jpg,No
front_pano_000020_003157.jpg,No
front_pano_000020_003167.jpg,No
front_pano_000020_003168.jpg,Yes
front_pano_000020_003169.jpg,No
front_pano_000020_003170.jpg,No
front_pano_000020_003171.jpg,No
front_pano_000020_003172.jpg,No
front_pano_000020_003182.jpg,Yes
front_pano_000020_003183.jpg,No
front_pano_000020_003184.jpg,Yes
front_pano_000020_003185.jpg,No
front_pano_000020_003186.jpg,No
front_pano_000020_003187.jpg,No
front_pano_000020_003188.jpg,Yes
front_pano_000020_003197.jpg,No
front_pano_000020_003198.jpg,No
front_pano_000020_003199.jpg,Yes
front_pano_000020_003200.jpg,Yes
front_pano_000020_003201.jpg,No
front_pano_000020_003202.jpg,No
front_pano_000020_003203.jpg,No
front_pano_000020_003213.jpg,Yes
front_pano_000020_003214.jpg,Yes
front_pano_000020_003215.jpg,Yes
front_pano_000020_003216.jpg,Yes
front_pano_000020_003217.jpg,No
front_pano_000020_003218.jpg,No
front_pano_000020_003228.jpg,No
front_pano_000020_003229.jpg,No
front_pano_000020_003230.jpg,No
front_pano_000020_003231.jpg,Yes
front_pano_000020_003232.jpg,No
front_pano_000020_003233.jpg,No
front_pano_000020_003243.jpg,Yes
front_pano_000020_003244.jpg,No
front_pano_000020_003245.jpg,No
front_pano_000020_003246.jpg,Yes
front_pano_000020_003247.jpg,Yes
front_pano_000020_003248.jpg,Yes
front_pano_000020_003249.jpg,No
front_pano_000020_003259.jpg,No
front_pano_000020_003260.jpg,Yes
front_pano_000020_003261.jpg,Yes
front_pano_000020_003262.jpg,No
front_pano_000020_003263.jpg,No
front_pano_000020_003290.jpg,No
front_pano_000020_003291.jpg,No
front_pano_000020_003292.jpg,No
front_pano_000020_003293.jpg,No
front_pano_000020_003294.jpg,No
front_pano_000020_003295.jpg,No
front_pano_000020_003304.jpg,No
front_pano_000020_003305.jpg,No
front_pano_000020_003306.jpg,No
front_pano_000020_003307.jpg,No
front_pano_000020_003308.jpg,Yes
front_pano_000020_003309.jpg,No
front_pano_000020_003310.jpg,No
front_pano_000020_003320.jpg,Yes
front_pano_000020_003321.jpg,No
front_pano_000020_003322.jpg,No
front_pano_000020_003323.jpg,No
front_pano_000020_003324.jpg,Yes
front_pano_000020_003325.jpg,No
front_pano_000020_003335.jpg,No
front_pano_000020_003336.jpg,No
front_pano_000020_003337.jpg,Yes
front_pano_000020_003338.jpg,No
front_pano_000020_003339.jpg,Yes
front_pano_000020_003340.jpg,No
front_pano_000020_003341.jpg,No
front_pano_000020_003366.jpg,No
front_pano_000020_003367.jpg,No
front_pano_000020_003368.jpg,Yes
front_pano_000020_003369.jpg,No
front_pano_000020_003370.jpg,No
front_pano_000020_003371.jpg,Yes
front_pano_000020_003372.jpg,Yes
front_pano_000020_003381.jpg,No
front_pano_000020_003382.jpg,No
front_pano_000020_003383.jpg,No
front_pano_000020_003384.jpg,No
front_pano_000020_003385.jpg,Yes
front_pano_000020_003386.jpg,No
front_pano_000020_003387.jpg,No
front_pano_000020_003397.jpg,No
front_pano_000020_003398.jpg,No
front_pano_000020_003399.jpg,No
front_pano_000020_003400.jpg,No
front_pano_000020_003401.jpg,No
front_pano_000020_003402.jpg,No
front_pano_000020_003403.jpg,No
front_pano_000020_003412.jpg,No
front_pano_000020_003413.jpg,No
front_pano_000020_003414.jpg,No
front_pano_000020_003415.jpg,No
front_pano_000020_003416.jpg,No
front_pano_000020_003417.jpg,No
front_pano_000020_003428.jpg,No
front_pano_000020_003429.jpg,Yes
front_pano_000020_003430.jpg,No
front_pano_000020_003431.jpg,No
front_pano_000020_003432.jpg,No
front_pano_000020_003433.jpg,No
front_pano_000020_003443.jpg,No
front_pano_000020_003444.jpg,No
front_pano_000020_003445.jpg,No
front_pano_000020_003446.jpg,No
front_pano_000020_003447.jpg,No
front_pano_000020_003448.jpg,No
front_pano_000020_003449.jpg,No
